_id,isCheck,content,createdDate,limitDate,listId,title
ObjectId(5881ce45476a3133011d32ff),false,鶏肉,2017-01-20T08:45:57.051Z,2017-01-27T00:00:00.000Z,0,買い物
ObjectId(5881ce51476a3133011d3300),false,牛肉,2017-01-20T08:46:09.009Z,2017-01-28T00:00:00.000Z,0,買い物
ObjectId(5881ce56476a3133011d3301),false,野菜,2017-01-20T08:46:14.595Z,2017-01-28T00:00:00.000Z,0,買い物
ObjectId(5881ce63476a3133011d3302),false,掃除,2017-01-20T08:46:27.491Z,2017-01-26T00:00:00.000Z,1,家事
ObjectId(5881ce70476a3133011d3303),false,片付け,2017-01-20T08:46:40.665Z,2017-01-22T00:00:00.000Z,1,家事
ObjectId(5881ce88476a3133011d3304),false,ゴミ捨て,2017-01-20T08:47:04.141Z,2017-01-19T00:00:00.000Z,1,家事
ObjectId(5881ce88476a3133011d3305),false,ゴミ捨て,2017-01-20T08:47:04.391Z,2017-01-19T00:00:00.000Z,1,家事
ObjectId(5881ceaf476a3133011d3306),false,オンラインスキルアップ,2017-01-20T08:47:43.776Z,2017-01-25T00:00:00.000Z,2,課題
ObjectId(5881cee629c66d331b1c8738),false,オンラインスキルアップ,2017-01-20T08:48:38.852Z,2017-01-24T00:00:00.000Z,2,課題
ObjectId(5881cf3729c66d331b1c8739),false,オンラインスキルアップ,2017-01-20T08:49:59.238Z,2017-01-31T00:00:00.000Z,2,課題
ObjectId(5881cff18ea5c933440f29fe),false,77,2017-01-20T08:53:05.588Z,2017-01-20T00:00:00.000Z,2,課題
ObjectId(5881d05073e18b3356fdb7ec),false,77,2017-01-20T08:54:40.772Z,2017-01-20T00:00:00.000Z,2,課題
ObjectId(5881d0a9c3388f336f2f711e),false,77,2017-01-20T08:56:09.060Z,2017-01-20T00:00:00.000Z,2,課題
ObjectId(5881d0c0f773e7337862cf58),false,77,2017-01-20T08:56:32.116Z,2017-01-20T00:00:00.000Z,2,課題
ObjectId(5881d0c0f773e7337862cf59),false,77,2017-01-20T08:56:32.932Z,2017-01-20T00:00:00.000Z,2,課題
ObjectId(5881d0eff773e7337862cf5a),false,77,2017-01-20T08:57:19.902Z,2017-01-26T00:00:00.000Z,2,課題
ObjectId(5881d108f773e7337862cf5b),false,yd,2017-01-20T08:57:44.428Z,2017-01-19T00:00:00.000Z,2,課題
ObjectId(5881d11cf773e7337862cf5c),false,ss,2017-01-20T08:58:04.030Z,2016-01-17T00:00:00.000Z,2,課題
ObjectId(5881d139f773e7337862cf5d),false,2016１月４日,2017-01-20T08:58:33.838Z,2016-01-04T00:00:00.000Z,2,課題
ObjectId(5881d174610c61339aad976c),false,s,2017-01-20T08:59:32.277Z,2017-01-03T00:00:00.000Z,2,課題
ObjectId(5881d19607c27433a7f766dc),false,s,2017-01-20T09:00:06.811Z,2017-01-03T00:00:00.000Z,2,課題
ObjectId(5881d1b307c27433a7f766dd),false,s,2017-01-20T09:00:35.266Z,2017-01-03T00:00:00.000Z,2,課題
ObjectId(5881d22cbbd32833df8ea9f6),false,s,2017-01-20T09:02:36.708Z,2017-01-03T00:00:00.000Z,2,課題
ObjectId(5881d243bbd32833df8ea9f7),false,fdfags,2017-01-20T09:02:59.563Z,2015-01-12T00:00:00.000Z,2,課題
ObjectId(5881d29821a63a33f44f1e4c),false,てｓｔｓ,2017-01-20T09:04:24.366Z,2017-01-18T00:00:00.000Z,0,買い物
ObjectId(5881d57f957ace3498a1afed),false,いっかいめ,2017-01-20T09:16:47.356Z,2017-01-18T00:00:00.000Z,4,追加
ObjectId(5881d589957ace3498a1afee),false,てｓｔ,2017-01-20T09:16:57.372Z,2017-01-25T00:00:00.000Z,3,てすと
